SubmissionDate,start,today,deviceid,startoff,info_generales-agent_nom,info_generales-agent_telephone,info_generales-province,info_generales-health_zone,info_generales-health_area,ident_entrepot-type_entrepot,ident_entrepot-coordonnees_gps-Latitude,ident_entrepot-coordonnees_gps-Longitude,ident_entrepot-coordonnees_gps-Altitude,ident_entrepot-coordonnees_gps-Accuracy,ident_entrepot-avenue,ident_entrepot-num_maison,ident_entrepot-proprietaire,ident_entrepot-telephone,mensuration-surface_requise,mensuration-longueur,mensuration-largeur,mensuration-hauteur,mensuration-volume_disponible,mensuration-surface_disponible,mensuration-info_mensuration,criteres-bon_pavement,criteres-palettes,criteres-toiture,criteres-aeration,criteres-canalisation,criteres-voie_principale,criteres-acces_poids_lourd,criteres-route_pluie,criteres-milieu_secure,criteres-parcelle_cloturee,criteres-porte_fer,criteres-extincteurs,photos-photo_facade,photos-photo_gauche,photos-photo_droit,photos-photo_arriere,photos-photo_env,commentaires,conclusion_entrepot,meta-instanceID,meta-instanceName,KEY,SubmitterID,SubmitterName,AttachmentsPresent,AttachmentsExpected,Status,ReviewState,DeviceID,Edits,FormVersion
2025-06-21T09:43:20.826Z,2025-06-19T08:37:19.435+01:00,2025-06-19,collect:DsW1U3fr8m5XikOC,,Nzumia lindo baby,0821600970,EQUATEUR,MANKANZA,MISSION-MOKOLO,premier,1.6114351,19.1143382,318.0,5.0,Couvent des sœurs,10,Nyamasili bakatelinga espérance,0811665919,127.0,7.0,6.0,3.0,126,42,,oui,oui,oui,oui,oui,non,oui,oui,oui,non,oui,non,1750319137621.jpg,1750319221280.jpg,1750319259905.jpg,1750319318972.jpg,1750319358184.jpg,Amas de madriers pouvant servir des palettes renforcer la sécurité adjoindre un agent et placer mes bacs à sable.,ameliorer,uuid:e049c230-57c7-4eb6-92b9-ca80b62ac357,Identification  - Nyamasili bakatelinga espérance - MANKANZA-MISSION-MOKOLO-Couvent des sœurs-2025-06-19,uuid:e049c230-57c7-4eb6-92b9-ca80b62ac357,503,IMA-EQUATEUR-CG7,5,5,,,collect:DsW1U3fr8m5XikOC,0,3
2025-06-21T09:43:18.747Z,2025-06-19T08:59:11.034+01:00,2025-06-19,collect:DsW1U3fr8m5XikOC,,Nzumia lindo baby,0821600970,EQUATEUR,MANKANZA,MISSION-MOKOLO,deuxieme,1.6119506,19.1142956,323.0,4.9,Couvent des sœurs,11,Nyamsili bakatelinga esperance,0811665910,85.0,13.0,4.0,3.0,156,52,,oui,oui,oui,oui,oui,non,oui,oui,oui,non,oui,non,1750320446770.jpg,1750320482994.jpg,1750320528420.jpg,1750320547980.jpg,1750320601634.jpg,Renforcer la sécurité adjoindre un  agent de sécurité placer les palettes avant l entreposage. Les palettes en madriers se trouvent au couvent des sœurs,ameliorer,uuid:9a0ba3a5-dc0a-44a8-861d-42beb112e219,Identification  - Nyamsili bakatelinga esperance - MANKANZA-MISSION-MOKOLO-Couvent des sœurs-2025-06-19,uuid:9a0ba3a5-dc0a-44a8-861d-42beb112e219,503,IMA-EQUATEUR-CG7,5,5,,,collect:DsW1U3fr8m5XikOC,0,3
2025-06-21T09:33:25.759Z,2025-06-16T08:59:36.458+01:00,2025-06-16,collect:IFzVFRW1gmIqtlPT,,Lofemba yangotikala jacques,0811787503,EQUATEUR,BOLOMBA,BOLOMBA LIKOLO,premier,0.3529249,19.2295683,298.621,1.544,Gemena,14,MBAU KABINGU,0817646895,46.0,10.0,5.0,4.0,200,,,oui,oui,oui,oui,oui,oui,oui,oui,oui,non,oui,non,1750246083365.jpg,1750246143741.jpg,1750246206712.jpg,1750246248051.jpg,1750246427167.jpg,L'entrepôt répond aux critères,oui,uuid:71e2045a-2f4a-4f33-8052-3fb86e7a261e,Identification  - MBAU KABINGU - BOLOMBA-BOLOMBA LIKOLO-Gemena-2025-06-16,uuid:71e2045a-2f4a-4f33-8052-3fb86e7a261e,503,IMA-EQUATEUR-CG7,5,5,,,collect:IFzVFRW1gmIqtlPT,0,2
2025-06-21T09:33:16.761Z,2025-06-18T16:32:17.785+01:00,2025-06-18,collect:IFzVFRW1gmIqtlPT,,Lofemba yangotikala,0811787503,EQUATEUR,BOLOMBA,DJOA,deuxieme,0.0356052,19.2864836,330.051,1.255,Djoa,1,Botuli esambo héritier,0819966000,30.0,10.0,5.0,5.0,250,,,oui,oui,oui,oui,oui,oui,oui,oui,oui,non,oui,non,1750261246723.jpg,1750261290304.jpg,1750261349600.jpg,1750261401254.jpg,1750261470688.jpg,Le dépôt répond aux critères mais il faut créer un Banc en sable et mettre les gros cadenas,oui,uuid:d58b3479-3de6-4202-88bd-2572daeec51f,Identification  - Botuli esambo héritier - BOLOMBA-DJOA-Djoa-2025-06-18,uuid:d58b3479-3de6-4202-88bd-2572daeec51f,503,IMA-EQUATEUR-CG7,5,5,,,collect:IFzVFRW1gmIqtlPT,0,2
2025-06-20T16:54:22.865Z,2025-06-19T09:52:29.742+01:00,2025-06-19,collect:werPBGq96OZzLN8Z,,Teddy EKOTOMBA BONKETSI ,0823802277,EQUATEUR,DJOMBO,DJOMBO MISSION,deuxieme,1.3541205,20.3820813,0.0,3299.999,Mission catholique ,02,Sr.ABAGINOKO Annie,0821242267,60.0,12.0,8.0,6.0,576,96,,oui,oui,oui,oui,oui,oui,oui,oui,oui,oui,oui,non,1750324430304.jpg,1750324459623.jpg,1750324479512.jpg,1750324504648.jpg,1750324523141.jpg,Les deux entrepôts se trouvent dans un bâtiment et les images en rapport de l'environnement paraissent les mêmes.,oui,uuid:c632bbed-0d55-4442-bc9e-ae88867e5f28,Identification  - Sr.ABAGINOKO Annie - DJOMBO-DJOMBO MISSION-Mission catholique -2025-06-19,uuid:c632bbed-0d55-4442-bc9e-ae88867e5f28,503,IMA-EQUATEUR-CG7,5,5,,,collect:werPBGq96OZzLN8Z,0,3
2025-06-20T16:54:04.157Z,2025-06-19T09:21:27.897+01:00,2025-06-19,collect:werPBGq96OZzLN8Z,,Teddy EKOTOMBA BONKETSI ,0823802277,EQUATEUR,DJOMBO,DJOMBO MISSION,premier,1.3541205,20.3820813,0.0,3299.999,Mission catholique ,02,Sr.ABANGINOKO Annie,0821242267,92.0,8.0,5.0,4.0,160,40,,oui,non,oui,oui,oui,oui,oui,oui,oui,oui,oui,non,1750322498951.jpg,1750322547709.jpg,1750322584500.jpg,1750322632168.jpg,1750322683799.jpg,Palette à adapter car disponibilité des planches.,oui,uuid:70257a42-7296-46cd-8d51-e51f2014f0a2,Identification  - Sr.ABANGINOKO Annie - DJOMBO-DJOMBO MISSION-Mission catholique -2025-06-19,uuid:70257a42-7296-46cd-8d51-e51f2014f0a2,503,IMA-EQUATEUR-CG7,5,5,,,collect:werPBGq96OZzLN8Z,0,3
2025-06-20T16:53:29.322Z,2025-06-18T10:32:33.283+01:00,2025-06-18,collect:werPBGq96OZzLN8Z,,Teddy EKOTOMBA BONKETSI,0823802277,EQUATEUR,BASANKUSU,BOBOTO,premier,1.2249563,19.7995361,0.0,1899.999,Mpoma,01,Abbé Guy Maris,0818009406,242.0,30.0,8.0,5.0,1200,240,,oui,oui,oui,oui,oui,oui,oui,oui,oui,oui,oui,non,1750239893558.jpg,1750239944355.jpg,1750239967300.jpg,1750239995766.jpg,1750240045492.jpg,"Les palettes disponibles,non installées dans l'entrepôt,une recommandation pressante pour installation a été donnée avant l'arrivée des MII.",oui,uuid:58dbcc59-dbed-4e08-a48a-1c62a44058a8,Identification  - Abbé Guy Maris - BASANKUSU-BOBOTO-Mpoma-2025-06-18,uuid:58dbcc59-dbed-4e08-a48a-1c62a44058a8,503,IMA-EQUATEUR-CG7,5,5,,,collect:werPBGq96OZzLN8Z,0,3
2025-06-20T13:49:19.586Z,2025-06-18T11:34:25.258+01:00,2025-06-18,collect:ZeaxREbhBGBDF4Pd,,MBOYO  MPUMA MBHOS ,0817173455,EQUATEUR,MONIEKA,MONIEKA,premier,-0.2108954,20.0534394,253.481,1.627,MONIEKA MISSION,4,YOKA YOTOTA NICOLE,0812739910,81.0,14.0,5.0,6.0,420,70,,oui,oui,oui,oui,oui,oui,oui,oui,oui,oui,oui,oui,1750425597753.jpg,1750425652302.jpg,1750425688508.jpg,1750425717950.jpg,1750425759851.jpg,RAS,oui,uuid:fe09892a-e9b9-46e1-bb47-20bdb0359fa5,Identification  - YOKA YOTOTA NICOLE - MONIEKA-MONIEKA-MONIEKA MISSION-2025-06-18,uuid:fe09892a-e9b9-46e1-bb47-20bdb0359fa5,503,IMA-EQUATEUR-CG7,5,5,,,collect:ZeaxREbhBGBDF4Pd,0,3
2025-06-20T12:03:45.162Z,2025-06-18T09:59:50.183+01:00,2025-06-18,collect:ZeaxREbhBGBDF4Pd,,MBOYO MPUMA,0817173455,EQUATEUR,INGENDE,WANGATA,premier,-0.3133633,18.9685554,302.92,1.949,DEL'HOPITAL,16,MAKEKA ,0820977553,150.0,22.0,7.0,6.0,924,154,,oui,oui,oui,oui,oui,oui,oui,oui,oui,non,oui,oui,1750242318630.jpg,1750242356093.jpg,1750242393569.jpg,1750242513588.jpg,1750242575672.jpg,L'entrepôt est bien sécurisé  et capable de stocker les mii,oui,uuid:0e077b96-4c0e-4bfd-b189-1553692a64a9,Identification  - MAKEKA  - INGENDE-WANGATA-DEL'HOPITAL-2025-06-18,uuid:0e077b96-4c0e-4bfd-b189-1553692a64a9,503,IMA-EQUATEUR-CG7,5,5,,,collect:ZeaxREbhBGBDF4Pd,0,3
2025-06-20T11:33:16.258Z,2025-06-19T10:54:14.268+01:00,2025-06-19,collect:2QvTwgTULTxn9uYy,,BONGELO ILEKA BERNARD ,0858192701,EQUATEUR,LOTUMBE,LOTUMBE,premier,-0.5209966,19.4259267,320.199,2.636,LOTUMBE MISSION ,0000000000,WENGELA GISELE ,0814259422,127.0,11.0,8.0,7.0,616,,,oui,oui,oui,oui,oui,oui,oui,oui,oui,oui,oui,oui,1750328179944.jpg,1750328251876.jpg,1750328297642.jpg,1750328332508.jpg,1750328408963.jpg,"Un bon emplacement de l'entrepôt en toute sécurité, avec une bonne aération.",oui,uuid:ee95f6e8-8592-4622-8ed1-82e53a131ce6,Identification  - WENGELA GISELE  - LOTUMBE-LOTUMBE-LOTUMBE MISSION -2025-06-19,uuid:ee95f6e8-8592-4622-8ed1-82e53a131ce6,503,IMA-EQUATEUR-CG7,5,5,,,collect:2QvTwgTULTxn9uYy,0,2
2025-06-20T09:53:39.874Z,2025-06-20T10:37:36.552+01:00,2025-06-20,collect:Da5MG7eav5WCZtuh,,DR MANDOMBA MANDENDA OLIVIER ,0816993044,EQUATEUR,IREBU,IREBU,premier,-0.6055427,17.7726003,283.90000000000003,4.66,IREBU ,1,EBENGO BOLUNZA JOEL,0813924321,58.0,11.5,4.0,4.2,193.20000000000002,46,,oui,oui,oui,oui,oui,oui,oui,oui,oui,non,oui,non,1750412930105.jpg,1750412947805.jpg,1750412958740.jpg,1750412979538.jpg,1750413021614.jpg,"Entrepôt sur norme, préparer les Sacs à sable ",oui,uuid:18a86f4d-09b3-451a-a0bf-60bc74abe2c1,Identification  - EBENGO BOLUNZA JOEL - IREBU-IREBU-IREBU -2025-06-20,uuid:18a86f4d-09b3-451a-a0bf-60bc74abe2c1,503,IMA-EQUATEUR-CG7,5,5,,,collect:Da5MG7eav5WCZtuh,0,3
2025-06-20T08:07:47.005Z,2025-06-19T13:05:45.484+01:00,2025-06-19,collect:s610FttKIBANKv5r,,EBOLEYA JEAN MARIE,0811782206,EQUATEUR,BOMONGO,BOMONGO,premier,1.3741574,18.3489332,303.2,4.84,Mobaka,62,BACHALE BOLOMBA Yves,0825096660,115.0,14.73,6.0,3.98,351.75239999999997,88.38,,oui,non,oui,oui,oui,oui,oui,oui,oui,non,non,non,1750335547126.jpg,1750335589699.jpg,1750335611934.jpg,1750335641332.jpg,1750335654205.jpg,"C'est bon mais il n'y a pas de palettes, il faut aussi mettre en place un Bac de sable, les portes et fenêtres  sont en bois durs. La sécurité est assurée.",oui,uuid:a519215f-cd43-4392-bf6a-3545ba240515,Identification  - BACHALE BOLOMBA Yves - BOMONGO-BOMONGO-Mobaka-2025-06-19,uuid:a519215f-cd43-4392-bf6a-3545ba240515,503,IMA-EQUATEUR-CG7,5,5,,,collect:s610FttKIBANKv5r,0,3
2025-06-19T11:24:28.315Z,2025-06-18T11:55:58.173+01:00,2025-06-18,collect:GaRUpIDFzrfwKOep,,Elie Lukunde,0825367491,EQUATEUR,BOLENGE,IYONDA,deuxieme,-0.0358066,18.1930449,304.9,4.933,Mission catholique iyonda,1,Manga,0891845750,115.0,8.2,7.1,3.1,180.48199999999997,58.21999999999999,,oui,non,oui,oui,oui,oui,oui,oui,oui,non,oui,non,1750245527721.jpg,1750245560478.jpg,1750245572587.jpg,1750245583563.jpg,1750245595599.jpg,Ajouter les palettes,oui,uuid:29db198d-2782-4f6d-9ca3-97b3742565b9,Identification  - Manga - BOLENGE-IYONDA-Mission catholique iyonda-2025-06-18,uuid:29db198d-2782-4f6d-9ca3-97b3742565b9,503,IMA-EQUATEUR-CG7,5,5,,,collect:GaRUpIDFzrfwKOep,0,3
2025-06-19T11:23:51.775Z,2025-06-19T12:03:56.755+01:00,2025-06-19,collect:GaRUpIDFzrfwKOep,,Dr Elie,0825367491,EQUATEUR,WANGATA,DE LA RIVE,deuxieme,0.0432261,18.2417424,304.8000183105469,4.575,Bonsomi,9,Lofose mutingiya,0817302549,81.0,8.75,10.64,2.92,271.85200000000003,93.10000000000001,,oui,non,oui,oui,oui,oui,oui,oui,oui,oui,oui,non,1750331591566.jpg,1750331613490.jpg,1750331654991.jpg,1750331685076.jpg,1750331717100.jpg,C est le deuxième entrepôt pour la zone de santé de lilanga bombangi qui se trouve dans la zs de wangata.,oui,uuid:686d73c6-fdc4-4170-8d52-0d489fba8127,Identification  - Lofose mutingiya - WANGATA-DE LA RIVE-Bonsomi-2025-06-19,uuid:686d73c6-fdc4-4170-8d52-0d489fba8127,503,IMA-EQUATEUR-CG7,5,5,,,collect:GaRUpIDFzrfwKOep,0,3
2025-06-19T11:23:36.580Z,2025-06-18T11:12:16.036+01:00,2025-06-18,collect:GaRUpIDFzrfwKOep,,Dr Elie,0825367491,EQUATEUR,BOLENGE,BOLENGE,premier,9.825E-4,18.2168257,314.90000000000003,2.88,Bolenge mission,00,Ilonga Bokenda André,0817304912,115.0,8.7,5.0,2.7,117.45,43.5,,oui,oui,oui,oui,oui,oui,oui,oui,oui,non,oui,non,1750241991233.jpg,1750242021807.jpg,1750242038660.jpg,1750242050885.jpg,1750242071402.jpg,Ajouter le sac à sables,oui,uuid:93db58cd-8c1e-45ee-902e-e05815504234,Identification  - Ilonga Bokenda André - BOLENGE-BOLENGE-Bolenge mission-2025-06-18,uuid:93db58cd-8c1e-45ee-902e-e05815504234,503,IMA-EQUATEUR-CG7,5,5,,,collect:GaRUpIDFzrfwKOep,0,3
2025-06-19T11:23:22.277Z,2025-06-17T13:06:07.420+01:00,2025-06-17,collect:GaRUpIDFzrfwKOep,,Dr Elie,0823567491,EQUATEUR,WANGATA,DE LA VILLE,deuxieme,0.0490242,18.2616731,301.0,4.883,Révolution.,1,ELESE,0858141687,196.0,11.7,7.2,3.7,311.688,84.24,,oui,non,oui,oui,oui,non,non,oui,oui,non,oui,non,1750162316975.jpg,1750162334110.jpg,1750162344829.jpg,1750162356985.jpg,1750162367018.jpg,"Ajouter les palettes, sac à sables",ameliorer,uuid:9ec95aac-2ae1-48e7-a784-74b4dccef9eb,Identification  - ELESE - WANGATA-DE LA VILLE-Révolution.-2025-06-17,uuid:9ec95aac-2ae1-48e7-a784-74b4dccef9eb,503,IMA-EQUATEUR-CG7,5,5,,,collect:GaRUpIDFzrfwKOep,0,3
2025-06-19T11:23:00.264Z,2025-06-17T13:19:57.605+01:00,2025-06-17,collect:GaRUpIDFzrfwKOep,,Elie lukunde,0825367491,EQUATEUR,WANGATA,DE LA VILLE,troisieme,0.0486931,18.2629126,300.70001220703125,5.0,Révolution,1,ELESE,0858141687,4.4,3.5,4.4,3.0,46.2,15.400000000000002,,oui,non,oui,oui,oui,non,oui,oui,oui,oui,oui,non,1750163227904.jpg,1750163238889.jpg,1750163258479.jpg,1750163274492.jpg,1750163284615.jpg,Ajouter les palettes,oui,uuid:8d20aea9-014e-4f3e-82de-ce8fdc66cae7,Identification  - ELESE - WANGATA-DE LA VILLE-Révolution-2025-06-17,uuid:8d20aea9-014e-4f3e-82de-ce8fdc66cae7,503,IMA-EQUATEUR-CG7,5,5,,,collect:GaRUpIDFzrfwKOep,0,3
2025-06-19T11:22:48.212Z,2025-06-17T13:28:38.927+01:00,2025-06-17,collect:GaRUpIDFzrfwKOep,,Elie lukunde,0825367491,EQUATEUR,WANGATA,DE LA VILLE,quatrieme,0.0490553,18.2628083,300.70001220703125,4.466,Révolution,1,ELESE,0858141687,196.0,5.2,4.8,3.0,74.88,24.96,,oui,non,oui,oui,oui,non,oui,oui,oui,oui,oui,non,1750163526483.jpg,1750163531989.jpg,1750163536412.jpg,1750163545440.jpg,1750163553760.jpg,Ajouter les palettes,oui,uuid:62da5214-90eb-40cb-bbdc-7a09f7675223,Identification  - ELESE - WANGATA-DE LA VILLE-Révolution-2025-06-17,uuid:62da5214-90eb-40cb-bbdc-7a09f7675223,503,IMA-EQUATEUR-CG7,5,5,,,collect:GaRUpIDFzrfwKOep,0,3
2025-06-19T09:58:17.286Z,2025-06-17T17:32:23.601+01:00,2025-06-17,collect:DsW1U3fr8m5XikOC,,Nzumia lindo baby,0821600970,EQUATEUR,LOLANGA MAMPOKO,CADELU,deuxieme,0.6436328,18.3861291,310.0,4.8,Mobutu,168,YOKO BOKONYO Jean Maurice,0829939499,45.0,6.0,5.0,2.0,60,30,,oui,non,oui,oui,oui,oui,oui,oui,oui,non,oui,non,1750178476698.jpg,1750178527250.jpg,1750178571337.jpg,1750178617265.jpg,1750178657031.jpg,"Améliorer la sécurité en y ajoutant des cadenas, adjoindre un agent de sécurité pendant le stockage. placer les pallettes même en bambous et disposer des bac à sable.",ameliorer,uuid:635607f5-0bec-4afb-8df4-157f9239ab03,Identification  - YOKO BOKONYO Jean Maurice - LOLANGA MAMPOKO-CADELU-Mobutu-2025-06-17,uuid:635607f5-0bec-4afb-8df4-157f9239ab03,503,IMA-EQUATEUR-CG7,5,5,,,collect:DsW1U3fr8m5XikOC,0,3
2025-06-19T09:57:59.883Z,2025-06-17T16:24:32.720+01:00,2025-06-17,collect:DsW1U3fr8m5XikOC,,Nzumia lindo baby,0821600970,EQUATEUR,LOLANGA MAMPOKO,CATHOLIQUE,premier,0.6205065,18.3820592,306.0,4.8,Avenue mobutu,35,ITOMBA LIYONGO,0814185092,115.0,14.0,5.0,3.0,210,70,,oui,oui,oui,oui,oui,oui,oui,oui,oui,non,oui,oui,1750174850913.jpg,1750180295188.jpg,1750174955341.jpg,1750174999051.jpg,1750175046524.jpg,"01 extincteur disponible et un amas de madriers destinés à former des palettes 
Photo en appui. Ajouter quelques cadenas et l agent de la sécurité durant toute la durée d entreposage.",oui,uuid:cf6807c0-1c4e-457e-81c2-3aa39518b6eb,Identification  - ITOMBA LIYONGO - LOLANGA MAMPOKO-CATHOLIQUE-Avenue mobutu-2025-06-17,uuid:cf6807c0-1c4e-457e-81c2-3aa39518b6eb,503,IMA-EQUATEUR-CG7,5,5,,,collect:DsW1U3fr8m5XikOC,0,3
2025-06-18T17:42:42.200Z,2025-06-18T12:21:52.351+01:00,2025-06-18,collect:Da5MG7eav5WCZtuh,,DR MANDOMBA MANDENDA OLIVIER,0816993044,EQUATEUR,LUKOLELA,LUKOLELA PLANTATION,premier,-1.0748751,17.1382918,278.0,4.24,MAISON KAWA,3,ENTAMBE NTULA RICHARD,0824060114,150.0,15.0,6.0,5.0,450,90,,oui,non,oui,oui,oui,oui,oui,oui,oui,non,oui,oui,1750246558086.jpg,1750246624033.jpg,1750246666955.jpg,1750246751132.jpg,1750246788264.jpg,"PRESENCE DES SACS A SABLE, PRÉPARATION DES PALETTES EN BOIS SECS.",oui,uuid:446a177b-ce94-409c-8e29-69cf755cea3e,Identification  - ENTAMBE NTULA RICHARD - LUKOLELA-LUKOLELA PLANTATION-MAISON KAWA-2025-06-18,uuid:446a177b-ce94-409c-8e29-69cf755cea3e,503,IMA-EQUATEUR-CG7,5,5,,,collect:Da5MG7eav5WCZtuh,0,3
2025-06-18T10:47:11.485Z,2025-06-18T09:21:00.464+01:00,2025-06-18,collect:s610FttKIBANKv5r,,EBOLEYA JEAN MARIE,0811782206,EQUATEUR,LILANGA BOBANGI,LILANGA,deuxieme,0.2814922,17.8939191,300.2,4.783,Lilanga,16,BOKOLE MANGOY Jean Paul,0814231100,81.0,6.88,5.9,3.0,121.776,40.592,,oui,non,oui,oui,oui,oui,oui,oui,oui,non,oui,non,1750235345799.jpg,1750235385208.jpg,1750235408807.jpg,1750235788849.jpg,1750235811958.jpg,"Les deux entrepôts ont les mêmes conditions, il faut compléter les palettes.",ameliorer,uuid:3a0f150e-f2be-4cf0-b003-7da2fa0b6da6,Identification  - BOKOLE MANGOY Jean Paul - LILANGA BOBANGI-LILANGA-Lilanga-2025-06-18,uuid:3a0f150e-f2be-4cf0-b003-7da2fa0b6da6,503,IMA-EQUATEUR-CG7,5,5,,,collect:s610FttKIBANKv5r,0,3
2025-06-18T10:46:02.555Z,2025-06-18T08:42:11.591+01:00,2025-06-18,collect:s610FttKIBANKv5r,,EBOLEYA JEAN MARIE,0811782206,EQUATEUR,LILANGA BOBANGI,LILANGA,premier,0.2816781,17.8933357,303.2,4.94,Lilanga,208,BOKOLE MANGOY  Jean Paul,0814231100,81.0,8.6,7.47,3.0,192.72599999999997,64.24199999999999,,oui,non,oui,oui,oui,oui,oui,oui,oui,non,oui,non,1750233785695.jpg,1750233842152.jpg,1750233870363.jpg,1750233901683.jpg,1750233917602.jpg,"Le tout est bon mais ils doivent finaliser les 3 briques de l'élévation des petits mûrs, y compris compléter les palettes.",ameliorer,uuid:e166048f-f9f9-43f9-8638-ff320af01b8d,Identification  - BOKOLE MANGOY  Jean Paul - LILANGA BOBANGI-LILANGA-Lilanga-2025-06-18,uuid:e166048f-f9f9-43f9-8638-ff320af01b8d,503,IMA-EQUATEUR-CG7,5,5,,,collect:s610FttKIBANKv5r,0,3
2025-06-18T09:19:21.901Z,2025-06-18T09:36:34.130+01:00,2025-06-18,collect:c3RujpJnlkKy4SQ2,,Lisuko Lifala,0818837738,EQUATEUR,IBOKO,IBOKO,premier,-1.0684756,18.6158129,329.90000000000003,4.866,Mission Iboko,001,MANZAU,0817071441,188.5,14.5,13.0,3.0,565.5,188.5,,oui,oui,oui,oui,oui,oui,oui,oui,oui,oui,oui,non,1750236980960.jpg,1750237040443.jpg,1750237099310.jpg,1750237179344.jpg,1750237243302.jpg,"Mettre les sacs à sable pour prévenir en cas d'incendie, désherbage autour de l'entrepôt. L'entrepôt est bien sécurisé, les fenêtres sont disponible pour aération, les portes sont sécurisés.",oui,uuid:afb298ff-927a-4501-9de0-c70610b8a1b5,Identification  - MANZAU - IBOKO-IBOKO-Mission Iboko-2025-06-18,uuid:afb298ff-927a-4501-9de0-c70610b8a1b5,503,IMA-EQUATEUR-CG7,5,5,,,collect:c3RujpJnlkKy4SQ2,0,3
2025-06-18T09:09:00.109Z,2025-06-18T09:13:15.694+01:00,2025-06-18,collect:Jvi5VuM2awHrK9sX,,Joseph Ngalamulume ,0815825829,EQUATEUR,NTONDO,NTONDO,premier,-0.8222179,18.1283598,288.8,4.866,Pilipoy,00,LOKOLOLA EPUNDA,0842556956,81.0,12.7,11.0,3.4,474.97999999999996,139.7,,oui,oui,oui,oui,oui,oui,oui,oui,oui,non,oui,non,1750235296905.jpg,1750235328022.jpg,1750235358717.jpg,1750235389178.jpg,1750235413145.jpg,Mettre en place le bac de sable à utiliser en cas d'incendie. Apprêter le dépôt à recevoir les MII. Retenu.,oui,uuid:7e2f3378-5937-42e4-baa8-a84e7ae7c0b6,Identification  - LOKOLOLA EPUNDA - NTONDO-NTONDO-Pilipoy-2025-06-18,uuid:7e2f3378-5937-42e4-baa8-a84e7ae7c0b6,503,IMA-EQUATEUR-CG7,5,5,,,collect:Jvi5VuM2awHrK9sX,0,3
2025-06-17T13:46:45.260Z,2025-06-17T14:23:26.643+01:00,2025-06-17,collect:Jvi5VuM2awHrK9sX,,Joseph Ngalamulume ,0815825829,EQUATEUR,BIKORO,BIKORO,deuxieme,-0.7420585,18.1314743,290.7,4.85,Rizières ,2,MPIA MPUTU MICHAEL ,0850293860,45.0,7.0,5.0,4.2,147,35,,oui,oui,oui,oui,oui,oui,oui,oui,oui,non,oui,non,1750167771543.jpg,1750167811167.jpg,1750167859703.jpg,1750167881193.jpg,1750167945342.jpg,Ajouter l'extincteur existant dans la ZS,oui,uuid:42865cd5-db2f-464a-baae-07d4dd8a1f57,Identification  - MPIA MPUTU MICHAEL  - BIKORO-BIKORO-Rizières -2025-06-17,uuid:42865cd5-db2f-464a-baae-07d4dd8a1f57,503,IMA-EQUATEUR-CG7,5,5,,,collect:Jvi5VuM2awHrK9sX,0,3
2025-06-17T13:41:09.758Z,2025-06-17T12:17:30.671+01:00,2025-06-17,collect:Jvi5VuM2awHrK9sX,,Joseph ,0815825829,EQUATEUR,BIKORO,BIKORO,premier,-0.7422121,18.1318026,308.2,4.883,Avenue Rizières numéro 2,2,MPIA MPUTU MICHAEL ,0850293860,150.0,17.5,6.0,4.2,441,105,,oui,oui,oui,non,oui,oui,oui,oui,oui,non,oui,non,1750165619330.jpg,1750166040796.jpg,1750166106512.jpg,1750166147993.jpg,1750166190020.jpg,Créer les points d'aération et placer les extincteurs qui existent 4 pièces dans la ZS. ,oui,uuid:0479d850-b69b-4062-a8f5-c1567aa872ba,Identification  - MPIA MPUTU MICHAEL  - BIKORO-BIKORO-Avenue Rizières numéro 2-2025-06-17,uuid:0479d850-b69b-4062-a8f5-c1567aa872ba,503,IMA-EQUATEUR-CG7,5,5,,,collect:Jvi5VuM2awHrK9sX,0,3
2025-06-17T12:06:46.902Z,2025-06-17T12:39:20.125+01:00,2025-06-17,collect:GaRUpIDFzrfwKOep,,Dr Elie,0825367491,EQUATEUR,WANGATA,DE LA VILLE,premier,0.0488687,18.2618723,300.70001220703125,4.786,Révolution,1,Telese,0858141687,196.0,17.6,5.0,3.7,325.6,88,,oui,non,oui,oui,oui,non,non,oui,oui,non,oui,non,1750161309396.jpg,1750161390190.jpg,1750161411671.jpg,1750161425032.jpg,1750161440890.jpg,"Ajouter les palettes, ajouter les sac à sables, vérifier le plafond car il y a des anciennes images de plafond mouillé .",ameliorer,uuid:70ca179a-6cb5-4495-9cf3-022482069731,Identification  - Telese - WANGATA-DE LA VILLE-Révolution-2025-06-17,uuid:70ca179a-6cb5-4495-9cf3-022482069731,503,IMA-EQUATEUR-CG7,5,5,,,collect:GaRUpIDFzrfwKOep,0,3
2025-06-17T10:57:03.351Z,2025-06-17T11:51:33.829+01:00,2025-06-17,collect:GaRUpIDFzrfwKOep,,Dr Elie,0825367491,EQUATEUR,MBANDAKA,MAMBENGA2,troisieme,0.0501562,18.2559233,304.1,4.366,Ipoko,3,Lomboto Jeannot,0858122862,219.0,11.0,9.0,3.0,297,99,,oui,non,oui,oui,oui,oui,oui,oui,oui,oui,oui,non,1750157691980.jpg,1750157706561.jpg,1750157720470.jpg,1750157737448.jpg,1750157762867.jpg,"Vider la salle, mettre les palettes et ajouter le sac à sables",oui,uuid:fbd6548c-d3b6-40b0-ac41-c6dbd65bf076,Identification  - Lomboto Jeannot - MBANDAKA-MAMBENGA2-Ipoko-2025-06-17,uuid:fbd6548c-d3b6-40b0-ac41-c6dbd65bf076,503,IMA-EQUATEUR-CG7,5,5,,,collect:GaRUpIDFzrfwKOep,0,3
2025-06-17T10:49:31.211Z,2025-06-17T11:42:01.039+01:00,2025-06-17,collect:GaRUpIDFzrfwKOep,,Elie lukunde,0825367491,EQUATEUR,MBANDAKA,MAMBENGA2,deuxieme,0.0501918,18.2558472,301.9,4.61,Ipoko,3,Lomboto Jeannot,0858122862,219.0,14.0,7.2,4.0,403.2,100.8,,oui,non,oui,oui,oui,oui,oui,oui,oui,oui,oui,non,1750157233546.jpg,1750157254913.jpg,1750157265136.jpg,1750157280284.jpg,1750157313401.jpg,Ajouter paillettes et bac à sables,oui,uuid:5328018c-e71f-4429-889d-35ca57b45eb3,Identification  - Lomboto Jeannot - MBANDAKA-MAMBENGA2-Ipoko-2025-06-17,uuid:5328018c-e71f-4429-889d-35ca57b45eb3,503,IMA-EQUATEUR-CG7,5,5,,,collect:GaRUpIDFzrfwKOep,0,3
2025-06-17T10:40:59.002Z,2025-06-16T15:37:45.714+01:00,2025-06-16,collect:GaRUpIDFzrfwKOep,,Elie lukunde,0825367491,EQUATEUR,MBANDAKA,MAMBENGA2,premier,0.0501535,18.2559132,290.1,4.65,Ipeko,3,Lomboto jeanot,0858122862,219.0,9.0,6.0,3.0,162,54,,oui,oui,oui,oui,oui,oui,oui,oui,oui,oui,oui,non,1750156679055.jpg,1750156696249.jpg,1750156732654.jpg,1750156748051.jpg,1750156773736.jpg,Ajouter les palettes,oui,uuid:7ec5a157-244c-4b78-8e72-b341f74a926a,Identification  - Lomboto jeanot - MBANDAKA-MAMBENGA2-Ipeko-2025-06-16,uuid:7ec5a157-244c-4b78-8e72-b341f74a926a,503,IMA-EQUATEUR-CG7,5,5,,,collect:GaRUpIDFzrfwKOep,0,3
2025-06-15T16:11:16.963Z,2025-06-15T16:53:22.278+01:00,2025-06-15,collect:ZeaxREbhBGBDF4Pd,,MBOYO MPUMA,0817173455,EQUATEUR,MONIEKA,MONIEKA,premier,0.0532479,18.258534,307.198,1.805,BOMBOKO,52,MOMA,0817173455,6.0,6.0,4.0,3.0,72,,,oui,oui,oui,oui,oui,oui,oui,oui,oui,oui,oui,oui,1750003631797.jpg,1750003689050.jpg,1750003706021.jpg,1750003717522.jpg,1750003726678.jpg,RAS,oui,uuid:d42b41cb-376a-496e-9fc3-4a259b6cb4e4,Identification  - MOMA - MONIEKA-MONIEKA-BOMBOKO-2025-06-15,uuid:d42b41cb-376a-496e-9fc3-4a259b6cb4e4,503,IMA-EQUATEUR-CG7,5,5,,,collect:ZeaxREbhBGBDF4Pd,0,2
2025-06-15T16:11:14.556Z,2025-06-15T01:59:37.440+01:00,2025-06-15,collect:ZeaxREbhBGBDF4Pd,,MBOYO MPUMA,0817173455,EQUATEUR,INGENDE,BAKANZA,premier,0.0532672,18.2586588,290.129,1.978,BOMBOK,52,MOMA,0858148112,6.0,6.0,4.0,4.0,96,,,oui,oui,oui,oui,oui,oui,oui,oui,oui,oui,oui,oui,1749996499826.jpg,1749996509153.jpg,1749996539954.jpg,1749996560290.jpg,1749996578211.jpg,BONe,oui,uuid:6147a671-e860-41b7-bb8c-e348238ce2c8,Identification  - MOMA - INGENDE-BAKANZA-BOMBOK-2025-06-15,uuid:6147a671-e860-41b7-bb8c-e348238ce2c8,503,IMA-EQUATEUR-CG7,5,5,,,collect:ZeaxREbhBGBDF4Pd,0,2
